stage,category,name,url,notes
build,ui-graphics,SVG sine waves,https://www.sinwaver.com,Export perfect sine waves as SVG for your front-end projects |
build,ui-graphics,UI Design Daily,https://uidesigndaily.com,Awesome UI Components of all types |
build,ui-graphics,100 Daily UI,https://100dailyui.webflow.io,"Free Figma library of products, elements, and screens |"
build,ui-graphics,Sketch App Sources,https://www.sketchappsources.com,"Sketch UIs, wireframes, icons and much more |"
build,ui-graphics,Humaaans,https://www.humaaans.com,Cool illustrations of people with the ability to mix and match |
build,ui-graphics,Paaatterns,https://products.ls.graphics/paaatterns,Free collection of beautiful patterns for all vector formats |
build,ui-graphics,Drawkit.io,https://www.drawkit.io,Illustrations for designers and startups |
build,ui-graphics,Absurd.design,https://absurd.design,Free surrealist illustrations for designers and developers |
build,ui-graphics,Undraw.co,https://undraw.co,Open-source illustrations for any idea you can imagine and create |
build,ui-graphics,Manypixels.co,https://www.manypixels.co/gallery,"Monochromatic, Isometric high-quality illustrations |"
build,ui-graphics,Open Peeps,https://www.openpeeps.com,Hand drawn illustration library |
build,ui-graphics,InvisionApp,https://www.invisionapp.com/inside-design/design-resources,"Library of free, high-quality UI kits, icon packs, and mockups |"
build,ui-graphics,Open Doodles,https://www.opendoodles.com,A Free Set of Sketchy Illustrations |
build,ui-graphics,Avataaars,https://avataaars.com,Free sketch library of avatars illustrations by Pablo Stanley |
build,ui-graphics,Blush,https://blush.design,Free customizable illustrations with Figma Plugin |
build,ui-graphics,Hero Patterns,http://www.heropatterns.com,A collection of repeatable SVG background patterns |
build,ui-graphics,BEAUBUS Patterns,https://patterns.beaubus.com,A set of 150+ free SVG patterns (backgrounds) |
build,ui-graphics,IRA Design,https://iradesign.io,An open-source gradient illustrations collection by creative tim. |
build,ui-graphics,Transparent Textures,https://www.transparenttextures.com,A collection of transparent textures background patterns. |
build,ui-graphics,icons8.com/illustrations,https://icons8.com/illustrations,Vector illustrations to class up your project |
build,ui-graphics,Patternico,https://patternico.com,Seamless Pattern Maker |
build,ui-graphics,Pixeltrue Illustrations,https://www.pixeltrue.com/illustrations,Free Animated Illustrations |
build,ui-graphics,Abstract User Avatar API,https://www.abstractapi.com/user-avatar-api,API to create simple yet flexible user avatars from user names or emails |
build,ui-graphics,sketchvalley,https://sketchvalley.com,"Download free PNG, SVG or AI file . |"
build,ui-graphics,PatternPad,https://patternpad.com,Free and unlimited unique pattern designs. |
build,ui-graphics,Dimensions,https://www.dimensions.com,Dimensions.com is an ongoing reference database of dimensioned drawings documenting the standard measurements and sizes 
build,ui-graphics,Freebiesbug,https://freebiesbug.com,"Hand-picked resources for web designers and developers, constantly updated.|"
build,ui-graphics,Flexiple,https://2.flexiple.com/scale/all-illustrations,"One new high-quality, open-source illustration each day. |"
build,ui-graphics,Cool Text,https://cooltext.com,Cool Text is a FREE graphics generator for web pages and anywhere else you need an impressive logo without a lot of desi
build,ui-graphics,illustration kit,https://illustrationkit.com,Premium open source illustrations added daily |
build,ui-graphics,Doodad Pattern Generator,https://doodad.dev/pattern-generator,"Create unique, seamless, royalty-free patterns.|"
build,ui-graphics,Pattern Monster,https://pattern.monster,A simple online pattern generator to create repeatable SVG patterns|
build,ui-graphics,Exemplar,https://themeselection.com/products/exemplar-free-avatar-library-for-figma-and-sketch,Free Avatar Library for Figma and Sketch|
build,ui-graphics,UIBundle,https://uibundle.com,"Thousands of Free Design Resources like UI Kits, Mockups, Illustrations, Icons, Fonts, 3D assets, Templates and more. |"
build,ui-graphics,openby.design,http://openby.design,"Custom crafted free UI design resources, for personal and commercial projects. No attribution is required. |"
build,ui-graphics,Design Stripe,https://designstripe.com/catalog,"Create beautiful illustrations, no design skills needed. |"
build,ui-graphics,HOLA SVG!,https://holasvg.com,An SVG playground to share SVG stuff. |
build,ui-graphics,symu.co,https://symu.co/freebies/templates-4,"Free templates, UI kits, icon, PSD |"
build,ui-graphics,Mesh Gradient,https://meshgradient.in,Generate & download beautiful mesh gradients. |
build,ui-graphics,CSS Shadow Gradients,https://alvarotrigo.com/shadow-gradients,Generate CSS Gradients For Shadows. |
build,ui-graphics,Creatica,https://creatica.app/backgrounds,Generate unique beautiful and unique Backgrounds and patterns. |
build,ui-graphics,Boring Avatars,https://boringavatars.com,"SVG random, cutely avatars collections |"
build,ui-graphics,Html to Design,https://www.figma.com/community/plugin/1159123024924461424/html.to.design,Convert any website into fully editable Figma designs |
build,ui-graphics,fffuel,https://www.fffuel.co,"collection of color tools and free SVG generators for gradients, patterns, textures, shapes & backgrounds |"
build,ui-graphics,Mesher,https://csshero.org/mesher,A Free tool to create beautiful mesh gradients only with CSS code. Use your own colors or randomly generated ones to bui
build,ui-graphics,Square Face Avatar Generator,https://www.squarefaceicongenerator.co,Generate square-face avatars & icons online |
type,fonts,Google Fonts,https://fonts.google.com,Library of around 1000 free licensed font families |
type,fonts,DaFont,https://www.dafont.com,Archive of freely downloadable fonts |
type,fonts,Use & Modify,https://usemodify.com,"Personal selection of beautiful, classy, punk, professional, incomplete, weird typefaces |"
type,fonts,1001 Free Fonts,https://www.1001freefonts.com,I think the name speaks for itself :smirk: |
type,fonts,Font Squirrel,https://www.fontsquirrel.com,"Font Squirrel scours the internet for high quality, legitimately free fonts |"
type,fonts,Font Fabric,https://www.fontfabric.com/free-fonts,A digital type foundry crafting retail fonts and custom typography for various brands |
type,fonts,Just Free Fonts,https://justfreefonts.com,"A hand-curated collection of freeware, open-source, and public domain fonts intended for commercial use |"
type,fonts,Tiff,https://winniethemu.github.io/tiff,A type diff tool that visually contrasts the differences between two fonts |
type,fonts,TypeKit Practice,https://practice.typekit.com,Learn about typography practices |
type,fonts,Fontjoy,https://fontjoy.com,Generate font pairing in one click |
type,fonts,Golden Ratio,https://grtcalculator.com,Golden Ratio Typography Calculator |
type,fonts,FontGet,https://www.fontget.com,Has a variety of fonts available to download and sorted neatly with tags |
type,fonts,FontPair,https://fontpair.co,Helps you pair Google Fonts together
type,fonts,Font Space,https://www.fontspace.com,A designer-centered free font website that has quick customizable previews |
type,fonts,Abstract Fonts,http://www.abstractfonts.com,Fonts free for personal and commercial use |
type,fonts,Free Typography,https://freetypography.com,A list of high quality fonts |
type,fonts,Leon Sans,https://github.com/cmiscm/leonsans,A geometric sans-serif typeface made with code |
type,fonts,Lexend,https://www.lexend.com,A variable font empirically shown to significantly improve reading-proficiency |
type,fonts,Fonts for Apple Platforms,https://developer.apple.com/fonts,"Get the details, frameworks, and tools you need to use system fonts for Apple platforms in your apps |"
type,fonts,SFWin,https://github.com/blaisck/sfwin,San Francisco Fonts for Windows 10 and non-Apple Platform |
type,fonts,Font Flipper,https://fontflipper.com,"Preview 800+ Google Fonts on top of your own designs, without having to download the fonts |"
type,fonts,Fonts Arena,https://fontsarena.com,Free curated fonts |
type,fonts,Befonts,https://befonts.com,High quality fonts for free |
type,fonts,Arabic fonts,https://arabicfonts.net,Arabic fonts for free |
type,fonts,FontDrop,https://fontdrop.info,Simple and easy way to view the contents of font files |
type,fonts,Open Foundry,https://open-foundry.com,FREE platform for curated open-source typefaces |
type,fonts,Glyphter,https://glyphter.com,Upload your own SVGS and turn them into font files. Useful if you want a smaller library loaded |
type,fonts,Google Webfonts Helper,https://google-webfonts-helper.herokuapp.com/fonts,A Hassle-Free Way to Self-Host Google Fonts |
type,fonts,Rough Font Awesome,https://djamshed.github.io/rough-awesome-font/dist,When RoughJS meets Font Awesome |
type,fonts,FFonts,https://ffonts.net,Stylish fonts for free |
type,fonts,Malayalam Fonts,https://smc.org.in/fonts,Malayalam fonts for free which are maintained by Swathanthra Malayalam Computing(SMC) |
type,fonts,Dev Fonts,https://devfonts.gafi.dev,Find and use the coding fonts for free |
type,fonts,Font M,https://fontm.com,Free font you can download for material coding and design |
type,fonts,W Fonts,https://www.wfonts.com,Download Free fonts |
type,fonts,Modern fluid typography editor,https://modern-fluid-typography.vercel.app,Fluid typography is a modern way of approaching responsive typography. |
type,fonts,UrbanFonts,https://www.urbanfonts.com,A collection of over 8000 free fonts and dingbats |
type,fonts,Typespiration,https://typespiration.com,Inspirational font combinations and color palettes |
type,fonts,Fontsource,https://fontsource.org,Self-host Open Source fonts in neatly bundled NPM packages. |
type,fonts,FontBolt,https://www.fontbolt.com,Discover and generate your favorite fonts from pop culture. |
type,fonts,FontsWiki,https://fontswiki.com,"Free typography resource with font downloads, pairing guides, and font-in-use references for logos, films, games, and de"
type,fonts,Fontshare,https://www.fontshare.com,"Fontshare is a free fonts service from the Indian Type Foundry (ITF), making quality fonts accessible to all. |"
type,fonts,Bunny Fonts,https://fonts.bunny.net,"Privacy-focused Google Fonts alternative, GDPR compliant with faster CDN |"
color,color-tools,PaletteForge,https://paletteforge.io,Generate beautiful color palettes from different categories.
color,color-tools,Colorlab,https://getcolorlab.com,"Create color palette, gradients, color scales, check contrast all in one place."
color,color-tools,Color Brewer 2,https://colorbrewer2.org,"The original color palette generator, also supporting color blindness. Probably the scientifically best option. Also pro"
color,color-tools,Huetone,https://github.com/ardov/huetone,A tool to create accessible color systems. |
color,color-tools,Colormind.io,http://colormind.io,Color palette generator |
color,color-tools,ColorCurves.app,https://colorcurves.app,Color palette generator that uses curves to generate color palettes |
color,color-tools,ColorGradient,https://colorgradient.dev,A free tool to create simple and complex CSS Gradients visually |
color,color-tools,Coolors,https://coolors.co,Create the perfect palette or get inspired by thousands of beautiful color schemes |
color,color-tools,UI Colors,https://uicolors.app/create,Tailwind CSS color palette generator |
color,color-tools,HTML Color Codes,https://htmlcolorcodes.com,"Get HTML color codes, Hex color codes, RGB and HSL values with our color picker, color chart and HTML color names |"
color,color-tools,Colors & Fonts,https://www.colorsandfonts.com,"A curated library of colors, fonts and resources |"
color,color-tools,Palette List,https://www.palettelist.com,Pick 2 colors you like and the tool generates thousands of palettes for you. |
color,color-tools,Google Material Color Tool,https://material.io/resources/color,Official Google Material Color Palette Tool|
color,color-tools,Material Palette,https://www.materialpalette.com,"Free to pick palettes, icons and colors for Material Design|"
color,color-tools,ColorSpace,https://mycolor.space,Generate nice color palettes from one color |
color,color-tools,FlatUIColors,https://flatuicolors.com,Beautiful set of color palettes in various flavors |
color,color-tools,Adobe Color,https://color.adobe.com/create,"Create color palettes, extract gradients from images, etc. |"
color,color-tools,Colorsinspo,https://colorsinspo.com,All-in-one resource for finding everything about colors |
color,color-tools,ColorsWall,https://colorswall.com,Place to store your color palettes and generate palette in one click |
color,color-tools,Happyhues,https://www.happyhues.co,Happy Hues is a color palette inspiration site that acts as a real-world example as to how the colors could be used in y
color,color-tools,Adobe Trends,https://color.adobe.com/trends,Discover current color trends in different industries from the creative communities on Behance and Adobe Stock|
color,color-tools,Color Hunt,https://colorhunt.co,A free and open platform for color inspiration with thousands of trendy hand-picked color palettes |
color,color-tools,Gradient Hunt,https://gradienthunt.com,A free and open platform for gradient inspiration with thousands of trendy hand-picked color gradients |
color,color-tools,Web Gradients,https://webgradients.com,A free website to find good CSS gradients |
color,color-tools,ColorBox,https://www.colorbox.io,A free website to produce color set |
color,color-tools,CSS gradient,https://cssgradient.io,A free website to make custom gradient and some examples of gradient |
color,color-tools,gradienta,https://gradienta.io,A pure css and jpg gradients |
color,color-tools,UI Gradients,https://uigradients.com,UI gradients color generator |
color,color-tools,Palette Generator,https://palettegenerator.colorion.co,Generate new color palette with every spacebar press |
color,color-tools,Material Palettes,https://material.colorion.co,1000+ Material Design palettes |
color,color-tools,Grabient,https://www.grabient.com,Gradient Selector |
color,color-tools,ShadeSwash,https://shadeswash.netlify.app,Quickly generate shades of any color |
color,color-tools,BrandColors,http://brandcolors.net,The biggest collection of official brand color codes |
color,color-tools,BRAND PALETTES,https://brandpalettes.com,Logo Color Codes and Palettes |
color,color-tools,Material Design Palette Generator,http://mcg.mbitson.com,Generate theme and color palette Material Design-like |
color,color-tools,Colorate,https://colorate.azurewebsites.net,Color scheme tool for designers and developers. This will help you draw inspiration and serve as a resource for your col
color,color-tools,0to255,https://www.0to255.com,"A color tool that makes it easy to lighten and darken colors. It's perfect for hover states, borders, gradients, and mor"
color,color-tools,Color Blender,https://meyerweb.com/eric/tools/color-blend,A tool that shows the midpoint colors between two colors
color,color-tools,Gradient Buttons,https://gradientbuttons.colorion.co,Ready to use copy/paste gradient buttons |
color,color-tools,Khroma,http://khroma.co,"Khroma uses AI to learn which colors you like and creates limitless palettes for you to discover, search, and save. |"
color,color-tools,whocanuse,https://whocanuse.com,A tool that brings attention and understanding to how color contrast can affect different people with visual impairments
color,color-tools,Colorable,https://colorable.jxnblk.com,Color combination contrast tester |
color,color-tools,Color Hex Picker,https://colorhexpicker.com,Tool to get hex code along with name of the color. |
color,color-tools,Saruwakakun,https://saruwakakun.com/en/color-ideas,The stunning color scheme for website & App Designs with previews |
color,color-tools,Paletton,https://paletton.com,Paletton.com is a designer color tool designed for creating color combinations that work together well.|
color,color-tools,Colorzilla,https://www.colorzilla.com,A powerful online Photoshop-like CSS gradient editor |
color,color-tools,CSS Gradient Editor,https://www.cssgradienteditor.com,You may only need this tool for creating CSS gradient backgrounds and patterns. |
color,color-tools,Image Color Picker,https://image-color.com,Image color picker and palette generator |
color,color-tools,CombineCOLORS,https://combinecolors.com,Color mixing tool |
color,color-tools,Color Lovers,https://www.colourlovers.com/palettes,It will show the color schemes which are popular in the outside world. |
color,color-tools,HTML CSS Color,https://www.htmlcsscolor.com,"Free online Color (USA) or Colour (British) tools: information, gradient generator, color wheels etc. |"
color,color-tools,HEX Color Codes,https://hexcolorcodes.org,"It gets HTML color codes, Hex color codes, RGB and HSL values with our color picker, color chart and HTML color names. |"
color,color-tools,CoolHue 2.0,https://webkul.github.io/coolhue,A free tool that shows different gradient examples in CSS and PNG format |
color,color-tools,Colors.lol,https://colors.lol,"Interesting color palettes generated by a Twitter bot, there are hex codes and descriptive names for each color. |"
color,color-tools,colors.dopely,https://colors.dopely.top,"Super-fast and simple color palette generator, palettes can be saved and shared in seconds. |"
color,color-tools,UIColor Picker,https://uicolorpicker.com,A collection of UI Colors with hex codes available to be copied in just one click. |
color,color-tools,Color Hex,https://www.color-hex.com,"Color-hex gives information about colors including color models (RGB,HSL,HSV and CMYK) and generates a simple css code f"
color,color-tools,FarbVelo,https://farbvelo.elastiq.ch,A random color palette generator |
color,color-tools,Veranda Color,https://verandacolor.com,"Browse color palettes made by other designers, generate and submit your own |"
color,color-tools,Duo,https://duo.alexpate.uk,Duo is a collection of colour combinations that I've curated from personal projects or that I've come across on the web.
color,color-tools,Lospec Palette List,https://lospec.com/palette-list,The Lospec Palette List is a database of palettes for pixel art. |
color,color-tools,Palettte App,https://palettte.app,Build smooth color schemes that flow from one color to another. |
color,color-tools,Eggradients,https://www.eggradients.com,Gradient Background Colors with eggs.|
color,color-tools,Gradientos,https://www.gradientos.app,Find and test gradients easily. |
color,color-tools,Encycolorpedia,https://encycolorpedia.com,"Website for referencing web colors. Color knowledge, Web colors, Hex color codes. |"
color,color-tools,Croma,https://chroma.dev,"Powerful color tools including an eyedropper, color picker, and palette generator. |"
color,color-tools,Color Designer,https://colordesigner.io/gradient-generator,A gradient generetor from one color. |
color,color-tools,Duotone,https://duotone.shapefactory.co,"Find beautiful free duotone images to use in any project, or make custom duotone images by uploading your own image and "
color,color-tools,coolbackgrounds generator,https://coolbackgrounds.io,"Explore a beautifully curated selection of cool backgrounds that you can add to blogs, websites. |"
color,color-tools,Color Shades Generator,https://mdigi.tools/color-shades,"We can quickly generate color shades of our favorite colors or any colors, to create templates or css components with mu"
color,color-tools,Huemint,https://huemint.com,"Huemint uses machine learning to create unique color schemes for your brand, website or graphic |"
color,color-tools,InclusiveColors palette creator,https://www.inclusivecolors.com,"Create custom accessible Tailwind-style color palettes, where you can modify HSL curves across whole swatches, check WCA"
color,color-tools,AiSeka,https://www.aiseka.com,Discover Created the best Color Palette & Color Tools. |
color,color-tools,Volume,https://www.volumecolor.io,3D OKLCH color palette generator. |
color,color-tools,EnigmaEasel,https://enigmaeasel.com,AI color palette generator and gradient generator for creating accessible design systems with built-in contrast auditing
build,icons,Circum Icons,https://circumicons.com,"Consistant open source icons as SVG for React, Vue and Svelte |"
build,icons,UXWing,https://uxwing.com,"Well Optimized, Free icons for commercial use |"
build,icons,Shapedfonts Iconclub,https://shapedfonts.com/iconclub,8000+ free icons |
build,icons,Feather Icons,https://feathericons.com,"Beautiful, customizable open source icons |"
build,icons,Tabler Icons,https://tabler-icons.io,"3500+ highly customizable open source SVG icons with React, Preact, Vue, Svelte and SolidJS support |"
build,icons,Xicons,https://www.xicons.org/#,"SVG Vue/React components integrated from fluentui-system-icons, ionicons, etc. (Vue3, Vue2, React, SVG). |"
build,icons,Iconoir,https://iconoir.com,Free library of 900+ open source icons |
build,icons,Simple Icons,https://simpleicons.org,1307 Free SVG icons for popular brands |
build,icons,Linear Icons,https://linearicons.com/free,1000+ Ultra crisp vector icons |
build,icons,Icons8,https://icons8.com,"Free icons, photos, vectors and tools |"
build,icons,Flat Icon,https://www.flaticon.com,"The largest database of free icons in PNG, SVG, EPS, PSD and BASE 64 formats |"
build,icons,The Noun Project,https://thenounproject.com,"Over 2 Million curated icons, created by a global community |"
build,icons,Iconscout,https://iconscout.com,Free Download Icons illustrations stock photos at one place |
build,icons,IconSear.ch,https://iconsear.ch/search.html,"Search engine with over 50,000 SVG icons indexed |"
build,icons,Nucleo App,https://nucleoapp.com,"Nucleo is a beautiful library of 27500 icons, and a powerful application to collect, customize and export all your icons"
build,icons,Icon-icons.com,https://icon-icons.com,"Free Icons PNG, ICO, ICNS and Vector file SVG |"
build,icons,Bootstrap Icons,https://icons.getbootstrap.com,Free Icons built for Bootstrap but they'll work in any project |
build,icons,Remix Icon,https://remixicon.com,Simply Delightful Icon System |
build,icons,Iconmonstr,https://iconmonstr.com,Discover 4496+ free icons in 313 collections |
build,icons,Vivid.js,https://webkul.github.io/vivid,Ready to use Free and Open Source SVG Icons Pack JavaScript Library. |
build,icons,Iconfinder,https://www.iconfinder.com,"Free and premium vector icons in SVG, PNG, CSH and AI format |"
build,icons,Lordicon,https://lordicon.com/icons#free,50 free animated interactive icons |
build,icons,UseAnimations,https://useanimations.com,Free Animated Icons in SVG and Json Format(for lottie) |
build,icons,css.gg,https://css.gg,"700+ Open-source CSS, SVG and Figma UI Icons Available in SVG Sprite, styled-components, NPM & API |"
build,icons,IconBros,https://www.iconbros.com,7843+ free icons grouped in 182 collections |
build,icons,Material Design Icons,https://materialdesignicons.com,"An icon collection allowing designers and developers targeting various platforms to download icons in the format, color "
build,icons,Heroicons,https://heroicons.dev,"Free, open source icons from the creators of Tailwind CSS. |"
build,icons,Zondicons,https://www.zondicons.com/icons.html,A set of free premium SVG icons for you to use on your digital products. |
build,icons,Endless Icons,http://endlessicons.com,A website offering a number of free icons. Icons are tagged and also compressed into kits. |
build,icons,Icomoon,https://icomoon.io/app,Browse 5500+ Free Icons. Add any set you wish to easily browse and search its icons. |
build,icons,Eva Icons,https://akveo.github.io/eva-icons/#,Eva Icons is a pack of more than 480 beautifully crafted Open Source icons for common actions and items. |
build,icons,Cryptoicons,http://cryptoicons.co,A set of 430 crypto and fiat currency icons. Completely free. |
build,icons,Ikonate,https://ikonate.com,Fully customizable & accessible vector icons |
build,icons,appicon,https://appicon.co,"Quickly generate app icons in different sizes for your IOS, macOS and Android projects|"
build,icons,LineIcons,https://lineicons.com,2000+ Essential Line Icons for Designers and Developers |
build,icons,Evericons,https://www.figma.com/resources/assets/evericons-for-figma,Evericons is a big pack of over 460 free icons designed by Aleksey Popov. |
build,icons,SVG Repo,https://www.svgrepo.com,Download free SVG Vectors for commercial use. |
build,icons,Convertio,https://convertio.co/png-svg,Convert PNG files to SVG online & free. (One of the services provided by it.) |
build,icons,CSS ICON,https://cssicon.space,"Icon set made with pure css code, no dependencies, ""grab and go"" icons |"
build,icons,Unified icons,https://iconify.design,"Thousands of icons, one unified framework. One library, over 40,000 vector icons. |"
build,icons,System UIcons,https://systemuicons.com,220+ icons in a growing collection. |
build,icons,IconPark,https://github.com/bytedance/IconPark,"Transform an SVG icon into multiple themes, and generate React icons，Vue icons，svg icons |"
build,icons,Radix Icons,https://www.radix-ui.com/icons,"A crisp set of 15×15 icons designed by the Modulz team. All icons available as individual react component,SVG and more. "
build,icons,EOS Icons,https://icons.eosdesignsystem.com,"A pixel-perfect, open source iconic font available as ligature and SVG. |"
build,icons,Ionicons,https://ionicons.com,"Beautifully crafted open source icons for use in web, iOS, Android, and desktop apps. |"
build,icons,Phosphor Icons,https://phosphoricons.com,"Phosphor is a flexible icon family for interfaces, diagrams, presentations |"
build,icons,Teeny Icons,https://teenyicons.com,TeenyIcons is a set icons in SVG format easy to use in html |
build,icons,Lucide,https://lucide.netlify.app,"Lucide is an open-source icon library, a fork of Feather Icons. |"
build,icons,Icones,https://icones.js.org,"Icon Explorer with Instant searching, powered by Iconify. |"
build,icons,Shitty Icons,https://shittyicons.com,Collection of Free icons. |
build,icons,Iconspedia,https://www.iconspedia.com,Iconspedia is a website that contains a large collection of high quality free icons. |
build,icons,iconhub,https://iconhub.io,Just practical stunning icons for everyone |
build,icons,3DICONS,https://3dicons.co,Beautifully crafted open source 3D icons |
build,icons,IconsDb,https://www.iconsdb.com,Free Custom Icons |
build,icons,Emoji Guide,https://emojiguide.org,The collection of 3300 emojis with their HTML codes for easy use. |
build,icons,Unicorn Icons,https://unicornicons.com,100+ customizable playful animated icons. Available in JSON and SVG format. |
build,icons,Sargam Icons,https://sargamicons.com,"A collection of 275+ open-source icons available for Figma, SVGs, and React. |"
build,icons,Icon buddy,https://iconbuddy.app,"A collection of 100K+ open-source SVG icons, fully customizable for designers and developers. |"
build,icons,Round Icons,https://roundicons.com,"The world's biggest premium and free icon packs library of flat icons, line icons, filled outline, isometric and solid s"
build,icons,Vectopus,https://vectopus.com,Top curated collective resources for elite designers. |
build,icons,IconShelf,https://iconshelf.com,"Access 250,000+ open-source SVG icons you can customize to fit any design or development project. |"
build,icons,All SVG Icons,https://allsvgicons.com,"Browse and download 250,000+ free SVG icons from 220 carefully curated icon libraries. |"
build,icons,SVG to ICO,https://svg-to-ico.org,"A free, fast online tool to convert SVG images to ICO format for favicons and app icons. |"
brand,logo-makers,LogoSear.ch,https://logosear.ch/search.html,"Search engine with over 200,000 SVG logos indexed |"
brand,logo-makers,SVGPorn,https://svgporn.com,1000+ high-quality SVG logos |
brand,logo-makers,Payment System Logos,https://github.com/mpay24/payment-logos,Logos for payment systems available in png and svg |
brand,logo-makers,Browser Logos,https://github.com/alrra/browser-logos,High resolution web browser logos |
brand,logo-makers,VectorLogoZone,https://www.vectorlogo.zone,Consistently formatted SVG logos |
brand,logo-makers,World Vector Logo,https://worldvectorlogo.com,Download vector logos of brands you love |
brand,logo-makers,Logo Maker,https://logomakr.com,Create custom logos |
brand,logo-makers,Free Logo Maker,https://www.namecheap.com/logo-maker,"Fast, All-in-One Logo Generator |"
brand,logo-makers,LOGOwine,https://www.logo.wine,Brand Logos Free Download in SVG Vector & PNG File Format |
ship,favicons,FaviconForge,https://faviconforge.io,Very simple favicon generator. Download in .ico and .png formats |
ship,favicons,Favicon.io,https://favicon.io,"Generate a favicon from text, from an image, or from an emoji. Download in .ico and .png formats |"
ship,favicons,Favicomatic,https://favicomatic.com,Generate favicons of all the sizes and formats as well as the HTML code needed to support every possible browser or devi
ship,favicons,Favicon Generator,http://tools.dynamicdrive.com/favicon,Generate favicon ico files for your website |
ship,favicons,RealFaviconGenerator,https://realfavicongenerator.net,"Generate icons for all platforms (Windows, iOS, Android) |"
ship,favicons,FontIcon,https://gauger.io/fonticon,Generate favicons and images from Font Awesome icons |
ship,favicons,Favicon.cc,https://www.favicon.cc,Draw a favicon online and browse through a library of favicons made by other users |
ship,favicons,Maskable.app Editor,https://maskable.app/editor,Generate maskable PWA icons based on your existing icon |
ship,favicons,Favicon Generator,https://favicon.inbrowser.app,"Generate website's favicon assets. SVG, maskable, image minified supported. Pure frontend. No privacy risk. Fast.|"
ship,favicons,FaviFiles,https://favifiles.com,Generate pixel-perfect favicons for free in seconds |
build,icon-fonts,Font Awesome,https://fontawesome.com,The web's most popular icon set and toolkit |
build,icon-fonts,Line Awesome,https://icons8.com/line-awesome,Swap in replacement of Font Awesome with modern line icons |
build,icon-fonts,Material Icons,https://material.io/resources/icons,Material design icon library |
build,icon-fonts,IonIcons,http://ionicons.com,Beautifully crafted open source icons from Ionic team |
build,icon-fonts,Zurb Foundation Icons,https://zurb.com/playground/foundation-icon-fonts-3,Customizable Foundation icons |
build,icon-fonts,Fontisto Icons,https://fontisto.com,Fontisto the iconic font and css toolkit · 616+ free icons |
build,icon-fonts,Boxicons,https://boxicons.com,Boxicons is a free collection of carefully crafted open source icons |
build,icon-fonts,Icofont,https://icofont.com,2100+ free icons to spice up your creative designs |
build,icon-fonts,Material Palette,https://www.materialpalette.com/icons,"Free to pick palettes, icons and colors for Material Design |"
build,icon-fonts,Material Design Iconic Font,http://zavoloklom.github.io/material-design-iconic-font/index.html,Material design icon font |
build,icon-fonts,Vscode Codicons,https://microsoft.github.io/vscode-codicons/dist/codicon.html,The icon font from Visual Studio Code |
build,icon-fonts,Devicon,https://devicon.dev,"Devicon is a set of icons representing programming languages, designing & development tools |"
build,icon-fonts,PaymentFont,https://github.com/AlexanderPoellmann/PaymentFont,A sleek web font for payment operators and methods. Featuring 116 icons |
build,icon-fonts,Weather Icons,https://erikflowers.github.io/weather-icons,Weather Icons is the only icon font with 222 weather themed icons |
build,icon-fonts,Stroke 7,https://themes-pixeden.com/font-demos/7-stroke/index.html,202 thin stroke icons inspired by iOS 7 |
build,icon-fonts,Jam Icons,https://jam-icons.com,890+ handcrafted icons to make your web app awesome |
build,icon-fonts,Fontello,http://fontello.com,200+ web icons where you can customize the names or codes of icons. |
build,icon-fonts,Linea,https://linea.io,Linea: Featuring 750+ Free Icons |
build,icon-fonts,Unicons,https://iconscout.com/unicons,"A set of 1100+ Free line style icons available as web font, SVG icons, and as components for JS frameworks like React, V"
build,icon-fonts,Mobirise Icons,https://mobiriseicons.com,"A free, open source set of 150 elegant, pixel-perfect linear icons, available as web icon font and SVG icons. |"
build,icon-fonts,React Icons,https://react-icons.github.io/react-icons,"An Open Source and free Svg Icon Library, it is a collection of your favorite icon libraries like Font Awesome and Mater"
imagery,stock-photos,Pexels,https://www.pexels.com,Free stock photos shared by talented creators |
imagery,stock-photos,Unsplash,https://unsplash.com,The internet's source of freely usable images
imagery,stock-photos,Pixabay,https://pixabay.com,Over 1.7 million+ high-quality stock images and videos |
imagery,stock-photos,Magdeleine,https://magdeleine.co,Gallery & free high-resolution photo everyday |
imagery,stock-photos,Picspree,https://picspree.com,"Royalty free images, stock photos, illustrations, and vectors |"
imagery,stock-photos,Burst,https://burst.shopify.com,Free stock photos collections |
imagery,stock-photos,Gratisography,https://gratisography.com,Free collection of free high-resolution pictures |
imagery,stock-photos,Life of Pix,https://www.lifeofpix.com,Free high-resolution photography |
imagery,stock-photos,Stock Snap,https://stocksnap.io,Hundreds of high quality photos added weekly |
imagery,stock-photos,Morguefile,https://morguefile.com,"Over 350,000 free stock photos for commercial use |"
imagery,stock-photos,Kaboom Pics,https://kaboompics.com,Stock photography and color palettes. Good for product images |
imagery,stock-photos,New Old Stock,https://nos.twnsnd.co,Stock vintage photos |
imagery,stock-photos,Pic Jumbo,https://picjumbo.com,Good collections of different types of photos |
imagery,stock-photos,Public Domain Pictures,https://www.publicdomainpictures.net/en,Public domain images of all types |
imagery,stock-photos,Find A Photo,https://www.chamberofcommerce.org/findaphoto,Searches multiple stock photo websites |
imagery,stock-photos,Stockvault,http://www.stockvault.net,Categorized stock photos |
imagery,stock-photos,Placeholder,https://placeholder.com,A free image placeholder service for the web. You can specify image size and format |
imagery,stock-photos,Realistic Shots,https://realisticshots.com,Free high-resolution stock photos |
imagery,stock-photos,Negative Space,https://negativespace.co,High-Resolution Free Stock Photos |
imagery,stock-photos,SkitterPhoto,https://skitterphoto.com,Free high-resolution photography |
imagery,stock-photos,PicoGraphy,https://picography.co,"Gorgeous, High-Resolution, Free Photos |"
imagery,stock-photos,Wunder Stock,https://wunderstock.com,Stunningly amazing free photos |
imagery,stock-photos,PxHere,https://pxhere.com,Free Images & Free stock photos - PxHere |
imagery,stock-photos,Piqsels,https://piqsels.com,Royalty Free Stock Photos |
imagery,stock-photos,FoodiesFeed,https://www.foodiesfeed.com,Food photo stock |
imagery,stock-photos,Nappy,https://www.nappy.co,"A website offering Beautiful, high-res photos of black and brown people.|"
imagery,stock-photos,Generated Photos,https://generated.photos,Unique AI Generated model photos|
imagery,stock-photos,Reshot,https://www.reshot.com,"Uniquely free photos. Handpicked, non-stocky images."
imagery,stock-photos,Free Images,https://www.freeimages.com,Find and download free stock photos - all free for personal and commercial use|
imagery,stock-photos,Lorem Picsum,https://picsum.photos,An easy to use API to get beautiful placeholder images. Size and other parameters can be specified. |
imagery,stock-photos,scienceimage,https://www.scienceimage.csiro.au,An image library specializing in science and nature images |
imagery,stock-photos,Integration & Application Network Image Library,https://ian.umces.edu/imagelibrary,"Free images to provide scientists, resource managers, government agencies, community groups and graphics professionals w"
imagery,stock-photos,Saxifraga,http://www.freenatureimages.eu,Free nature images |
imagery,stock-photos,Creative Commons,https://search.creativecommons.org,Search for free images to reuse.
imagery,stock-photos,AllTheFreeStock,https://allthefreestock.com,"a curated list of free stock images, audio and videos."
imagery,stock-photos,Lorem.space - Placeholder image generator,https://lorem.space,API for placeholder images but useful! |
imagery,stock-photos,Openverse,https://wordpress.org/openverse,Openverse is a search engine for openly-licensed media |
imagery,stock-photos,ISO Republic,https://isorepublic.com,Get Thousands of Free High-Resolution Stock CC0 Photos |
imagery,stock-videos,Pexels,https://www.pexels.com/videos,"Largest library of free to use videos, donated by the community |"
imagery,stock-videos,Pixabay,https://www.pixabay.com/videos,"Large library of free to use videos, donated by the community similar to Pexels |"
imagery,stock-videos,Coverr.co,https://coverr.co,Beautiful free stock video footage |
imagery,stock-videos,Videezy,https://www.videezy.com,Free HD stock footage & 4K videos |
imagery,stock-videos,Mix Kit,https://mixkit.co,Stock video clips & music |
imagery,stock-videos,Life Of Vids,https://www.lifeofvids.com,Free video clips and loops |
imagery,stock-videos,Videvo,https://www.videvo.net/stock-video-footage,Free and premium stock videos |
imagery,stock-videos,Loopvidz,http://stock.loopvidz.com,Free To Use Cinema graphs Created With VIMAGE App |
imagery,stock-videos,SplitShire,https://www.splitshire.com,Beautiful & exclusive free stock videos & photos |
imagery,stock-videos,Free-Stock-Video,https://free-stock.video,Free Footage Stock Videos |
imagery,audio,YouTube Studio Audio Library,https://www.youtube.com/audiolibrary,Royalty-free audio library for downloadable music and sound effects. Cleared for YouTube monetization. |
imagery,audio,Free Stock Music,https://www.free-stock-music.com,"Royalty free stock music for YouTube videos, podcasts, etc |"
imagery,audio,Bensound,https://www.bensound.com,Download Royalty Free Music for free and use it in your project |
imagery,audio,Mixkit,https://mixkit.co/free-stock-music,Free music for your projects |
imagery,audio,Freesound,https://freesound.org,Free stock music and sounds |
imagery,audio,Free Music Archive,https://freemusicarchive.org,Collaborative database of creative-commons licensed sound for musicians and sound lovers |
imagery,audio,Musopen,https://musopen.org/music,An online copyright free classical music library |
imagery,audio,Pixabay,https://pixabay.com/music,"Free music downloads for your project like Youtube videos, Music, Vlog, Film, Podcast etc. |"
imagery,audio,Unminus,https://www.unminus.com,Free Premium Music for Your Projects 🎁 Royalty Free. Cleared for YouTube. |
build,illustrations,PNGFree.ai,https://pngfree.ai,PNGFree.ai offers millions of high-quality Free PNG images |
build,illustrations,Vecteezy,https://www.vecteezy.com,Find and download free vector art |
build,illustrations,Freepik,https://www.freepik.com,"Free vectors, stock photos, PSD and icons |"
build,illustrations,Free Vectors,https://www.freevectors.net,Community of vector lovers who share free vector graphics |
build,illustrations,PNGTree,https://pngtree.com/free-vectors,"png, backgrounds, templates, text effects |"
build,illustrations,Vector4Free,https://www.vector4free.com,Free vector graphics |
build,illustrations,Freeble,http://freebbble.com,"Vectors, patterns, mockups and more |"
build,illustrations,Lukaszadam,https://lukaszadam.com,Free Vector artworks |
build,illustrations,Illlustrations,https://illlustrations.co,"Beautiful 100 Illustrations - png, svg |"
build,illustrations,Clipart,https://www.clipart.email,"Choose great clipart, png, coloring pages, drawings and more for your projects from the free collection! |"
build,illustrations,Growwwkit illustrations,https://growwwkit.com/illustrations/phonies,"A set of 8 simple, black & white, stylish illustrations |"
build,illustrations,trianglify.io,https://trianglify.io,"Generate low-poly backgrounds, textures, and vectors |"
build,illustrations,blob,https://blobs.app,Generate Blob shapes for Web and Flutter apps |
build,illustrations,HiClipart,https://www.hiclipart.com,A community for designers to share & download transparent background PNG cliparts |
build,illustrations,Stories by Freepik,https://stories.freepik.com,A collection of free and customizable illustrations for projects |
build,illustrations,Black Illustrations,https://www.blackillustrations.com,Beautiful illustrations of black people (free and premium) |
build,illustrations,Delesign,https://delesign.com/free-designs/graphics,A collection of free illustrations and more |
build,illustrations,Custom Shape Dividers,https://www.shapedivider.app,Free tool to make it easier for designers and developers to export a beautiful SVG shape divider |
build,illustrations,Servier Medical Art,https://smart.servier.com,3000 free medical images to illustrate your publications and PowerPoint presentations |
build,illustrations,Clker,http://www.clker.com,Free clip art you can use for anything you like |
build,illustrations,SVG wave,https://svgwave.in,"A free, & customizable gradient 🌈 SVG wave generator for UI designs . |"
build,illustrations,BGjar,https://bgjar.com,"Free svg background generator for your websites, blogs and app. |"
build,illustrations,Heritage Library,https://www.heritagetype.com/collections/free-vintage-illustrations,Vintage Illustrations (vector and png) |
build,illustrations,ROBOHASH,https://robohash.org,Generate unique images from any text |
build,illustrations,Tabbied,https://tabbied.com,"Create and customize minimally generated patterns/artwork to use for background images, print and other projects. |"
build,illustrations,Haikei,https://app.haikei.app,An awesome multishape web app. |
build,illustrations,Vector,https://vector.ma,Awesome website for all kinds of Moroccan vectors. |
build,illustrations,Heazy,https://app.heazy.studio,Unique vector assets within seconds. |
build,illustrations,Mossaik,https://mossaik.app,"Free SVG generator with different tools, waves, tiles, blobs, and more. |"
present,mockups,MockCity,https://mockcity.com,Bulk generate mockups from PSD templates by automatically placing images in SmartObjects. The visual editor allows you t
present,mockups,Smart Mockups,https://smartmockups.com,Create stunning product mockups (free & premium) |
present,mockups,Media Modifier,https://mediamodifier.com,beautiful design mockups service for your products (free & premium) |
present,mockups,Shot Snap,https://shotsnapp.com,Create beautiful device mockup images for your app or website design |
present,mockups,Screely,https://www.screely.com,Instantly turn your screenshot into a mockup |
present,mockups,Screenshot.rocks,https://screenshot.rocks,Create beautiful browser & mobile mockups in seconds |
present,mockups,Screen Peak,https://screenpeek.io,Create a mockup from a URL |
present,mockups,Mockup World,https://www.mockupworld.co,The biggest source of free photo-realistic Mockups online |
present,mockups,Collab Shot,https://www.collabshot.com,Real-time screen grabs and image sharing |
present,mockups,Facebook Devices,https://facebook.design/devices,Images and Sketch files of popular devices |
present,mockups,Threed.io,https://threed.io,Generate 3D mockups right in your browser. |
present,mockups,Mockuphone,https://mockuphone.com,"100% free mockups for all devices including IOS, Android, Windows Phone, Laptop & Desktop and TV |"
present,mockups,Device Shots,https://deviceshots.com,"Create high-resolution device mockups for social media, for free |"
present,mockups,Clean Mock,https://cleanmock.com,Create stunning mockups using latest device frames like iPhone X & custom backgrounds that make your mobile or website d
present,mockups,Mock.Video,https://www.mock.video,Instantly create mockups by adding a device frame to your videos. |
present,mockups,MockupBro,https://mockupbro.com,"Create product mockups with online mockup generator! Just choose a mockup, upload your design and download your image wi"
present,mockups,Animockup,https://github.com/alyssaxuu/animockup,Create animated mockups in the browser 🔥. |
present,mockups,Heroshot,https://github.com/omachala/heroshot,Automate documentation screenshots with visual element picker and theme-aware output |
present,mockups,Pika,https://pika.style,"Instantly create browser mockups and beautiful images for marketing, blog post and more |"
present,mockups,Lunacy,https://icons8.com/lunacy,Create mockups from scratch for free |
present,mockups,Podifai Mockup Generator,https://podifai.com/tools/mockup-generator,"Free online 3D mockup generator for product photos, branding, and e-commerce. No signup required |"
scaffold,templates,HTML5Up,https://html5up.net,"Very modern, unique responsive HTML5/CSS3 themes |"
scaffold,templates,Templatemo,https://templatemo.com,"Minimal, resume, gallery themes and more |"
scaffold,templates,FreeHTML5,https://freehtml5.co,Free & premium HTML5 and Bootstrap themes |
scaffold,templates,StyleShout,https://www.styleshout.com/free-templates,Brilliantly crafted free website templates |
scaffold,templates,Start Bootstrap,https://startbootstrap.com,Bootstrap starter themes |
scaffold,templates,ThemeWagon,https://themewagon.com/theme-price/free,Collection of HTML5 Bootstrap templates from different categories |
scaffold,templates,Colorlib,https://colorlib.com/wp/templates,Almost any category of theme you can think of |
scaffold,templates,Free CSS,https://www.free-css.com/free-css-templates,Huge collection of free templates |
scaffold,templates,Hubspot,https://www.hubspot.com/resources,"Templates, infographics, banners and much more|"
scaffold,templates,Mobirise,https://mobirise.com/html-templates,Great looking HTML5/CSS3 templates|
scaffold,templates,Bootswatch,https://bootswatch.com,Free themes for Bootstrap|
scaffold,templates,Onepagelove,https://onepagelove.com,"One-page websites, templates and resources|"
scaffold,templates,Themes For App,https://themesfor.app,Free Bootstrap themes and landing pages|
scaffold,templates,BootstrapTaste,https://bootstraptaste.com,Premium & Free Bootstrap Templates|
scaffold,templates,BootstrapMade,https://bootstrapmade.com,"Elegant, clean and beautiful free templates using Bootstrap. |"
scaffold,templates,W3Layouts,https://w3layouts.com,W3Layouts: 3784+ Free Website Templates for 2020 |
scaffold,templates,Tooplate,https://www.tooplate.com,Tooplate: Free HTML Templates for everyone! |
scaffold,templates,Cruip,https://cruip.com/free-templates,Fully coded HTML templates to help you easily build your startup landing page without hassles. |
scaffold,templates,UIdeck,https://uideck.com,Free Landing Page Templates and Bootstrap Themes |
scaffold,templates,Splawr,https://splawr.com,Free web templates to kickstart your idea! |
scaffold,templates,W3css_templates,https://www.w3schools.com/w3css/w3css_templates.asp,Some responsive W3.CSS website templates for you to use. |
scaffold,templates,All-Free-Download,https://all-free-download.com/free-website-templates/free-html-css-templates.html,Download free-website-templates |
scaffold,templates,mashup-template,http://www.mashup-template.com/templates.html,HTML5/CSS3 Free Templates |
scaffold,templates,Sneat Bootstrap 5 HTML Admin Template,https://github.com/themeselection/sneat-html-admin-template-free,Open-source & Easy to us Bootstrap 5 HTML Admin Template with Elegant Design & Unique Layout.|
scaffold,templates,HTMLrev,https://htmlrev.com,Free beautiful HTML5 templates and landing pages |
scaffold,templates,Horizon UI,https://horizon-ui.com,Trendiest open source Admin Template for React |
scaffold,templates,KeenThemes,https://keenthemes.com,"Free and Pro Html/Css3, Bootstrap5, Vue, React, Laravel templates |"
scaffold,templates,ScrewFast,https://github.com/mearashadowfax/ScrewFast,"Open-source Astro website template with sleek, customizable TailwindCSS components |"
scaffold,css-frameworks,Tailwind CSS,https://tailwindcss.com,"Low level, utility-first framework |"
scaffold,css-frameworks,Bootstrap,https://getbootstrap.com,Popular UI framework with tons of components that use both CSS and JS |
scaffold,css-frameworks,Materialize,https://materializecss.com,A modern responsive front-end framework based on Material Design |
scaffold,css-frameworks,Material Design Lite,https://getmdl.io,Light framework based on Material Design. No JS dependency |
scaffold,css-frameworks,Bulma,https://bulma.io,Modern CSS framework with no JS |
scaffold,css-frameworks,Skeleton,http://getskeleton.com,Extremely light framework for basic UI elements |
scaffold,css-frameworks,Uniform CSS,https://uniformcss.com,Fully configurable utility generator and CSS framework built entirely in Sass |
scaffold,css-frameworks,Semantic UI,https://semantic-ui.com,Empowers designers and developers by creating a shared vocabulary for UI |
scaffold,css-frameworks,Fomantic UI,https://fomantic-ui.com,A community fork of Semantic-UI |
scaffold,css-frameworks,Foundation,https://get.foundation,Mobile first framework with clean markup |
scaffold,css-frameworks,Pure CSS,https://purecss.io,"A set of small, responsive CSS modules |"
scaffold,css-frameworks,UIKit,https://getuikit.com,Lightweight and modular front-end framework |
scaffold,css-frameworks,Susy,https://www.oddbird.net/susy,"Lightweight, grid-layout engine for Sass |"
scaffold,css-frameworks,Milligram.io,https://milligram.io,Minimalist CSS framework |
scaffold,css-frameworks,Vanilla Framework,https://vanillaframework.io,"Simple, extensible CSS framework written in Sass |"
scaffold,css-frameworks,Spectre CSS,https://picturepan2.github.io/spectre,"Lightweight, modern CSS framework |"
scaffold,css-frameworks,Picnic CSS,https://picnicss.com,Lightweight and beautiful library |
scaffold,css-frameworks,Wing,https://kbrsh.github.io/wing,A beautiful CSS framework designed for minimalists |
scaffold,css-frameworks,Chota,https://jenil.github.io/chota,A micro (~3kb) CSS framework |
scaffold,css-frameworks,Blueprint CSS,https://blueprintcss.dev,A lightweight layout library for building great responsive mobile first UIs that work everywhere |
scaffold,css-frameworks,W3.CSS,https://www.w3schools.com/w3css,"A modern CSS framework with support for desktop, tablet, and mobile design by default. Designed to be independent of jQu"
scaffold,css-frameworks,98.css,https://jdan.github.io/98.css,A design system for building faithful recreations of old UIs |
scaffold,css-frameworks,NES CSS,https://nostalgic-css.github.io/NES.css,NES-style CSS Framework |
scaffold,css-frameworks,Shoelace.css,https://www.shoelace.style,"Lightweight, forward-thinking CSS library built with future CSS syntax |"
scaffold,css-frameworks,MVP.css,https://andybrewer.github.io/mvp,"A minimalist stylesheet for HTML elements. No class names, no frameworks, just semantic HTML and you're done |"
scaffold,css-frameworks,Blaze.css,http://blazecss.com,Open source modular CSS toolkit providing great structure for building websites quickly |
scaffold,css-frameworks,Turret CSS,https://turretcss.com,Turret CSS is a styles framework for development of responsive websites. |
scaffold,css-frameworks,Cutestrap,https://www.cutestrap.com,"A strong, independent CSS Framework. |"
scaffold,css-frameworks,XP.css,https://botoxparty.github.io/XP.css,XP.css is an extension of 98.css. A CSS library for building interfaces that look like old UIs. |
scaffold,css-frameworks,Framework7,https://framework7.io,"Framework7 - is a free and open source framework to develop mobile, desktop or web apps with native look and feel. |"
scaffold,css-frameworks,Hint.css,https://kushagra.dev/lab/hint,A pure CSS tooltip library for your lovely websites. |
scaffold,css-frameworks,imagehover.io,http://imagehover.io,Pure CSS Image Hover Effect Library |
scaffold,css-frameworks,mini.css,https://minicss.org,"A minimal, responsive, style-agnostic CSS framework |"
scaffold,css-frameworks,Tachyons,https://tachyons.io,"Create fast loading, highly readable, and 100% responsive interfaces with as little css as possible. |"
scaffold,css-frameworks,Material Bootstrap,https://fezvrasta.github.io/bootstrap-material-design,Material Design with Bootstrap |
scaffold,css-frameworks,Ivory,https://github.com/IVORY-UI/ivory,A modern CSS framework for developing powerful web interfaces faster and easier |
scaffold,css-frameworks,Halfmoon UI,https://www.gethalfmoon.com,"A responsive and lightweight framework, designed for quickly building beautiful dashboards and product pages. |"
scaffold,css-frameworks,Metro 4,https://metroui.org.ua/index.html,"Create your site quickly and effectively with Metro 4. impressive components library built on html, css, javascript. |"
scaffold,css-frameworks,css-doodle,https://css-doodle.com,A web component for drawing patterns with CSS |
scaffold,css-frameworks,latex.css,https://latex.now.sh,Make your website look like a LaTeX document |
scaffold,css-frameworks,Paper CSS,https://github.com/cognitom/paper-css,Front-end printing solution |
scaffold,css-frameworks,Windi CSS,https://windicss.org,Next generation compiler for Tailwind CSS |
scaffold,css-frameworks,Cirrus CSS,https://cirrus-ui.netlify.app,A component and utility centric SCSS framework designed for rapid prototyping. |
scaffold,css-frameworks,Gutenberg,https://github.com/BafS/Gutenberg,Modern framework to print the web correctly. |
scaffold,css-frameworks,lit,https://github.com/ajusa/lit,World's smallest responsive fire css framework (395 bytes). |
scaffold,css-frameworks,Arwes,https://github.com/arwes/arwes,"Arwes is a web framework to build user interfaces based on futuristic science fiction designs, animations, and sound eff"
scaffold,css-frameworks,Bojler,https://bojler.slicejack.com,Bojler is an email framework for developing responsive and lightweight email templates that will render correctly across
scaffold,css-frameworks,Tacit,https://github.com/yegor256/tacit,"Primitive CSS Framework for dummies, without classes. |"
scaffold,css-frameworks,Terminal CSS,https://terminalcss.xyz,A modern and minimal CSS framework for terminal lovers. |
scaffold,css-frameworks,Sakura,https://oxal.org/projects/sakura,A minimal classless css framework / theme. |
scaffold,css-frameworks,DAUB,https://daub.dev,"Considered CSS component library - 73 components, 20 theme families, classless mode, AI-ready with llms.txt and MCP serv"
scaffold,css-frameworks,PSone,https://github.com/micah5/PSone.css,"PS1 style CSS Framework, inspired by NES.css. |"
scaffold,css-frameworks,Marx,https://github.com/mblode/marx,Marx is the classless CSS reset to be used in any projects (namely small ones). |
scaffold,css-frameworks,Tufte,https://github.com/edwardtufte/tufte-css,Style your webpage like Edward Tufte's handouts. |
scaffold,css-frameworks,Axentix,https://useaxentix.com,"Axentix is an open source Framework based on CSS Grid using HTML, CSS and JS. |"
scaffold,css-frameworks,Raster Simple Grid System,https://rsms.me/raster,Minimal and straight-forward CSS grid system utilizing descriptive HTML rather than semantic CSS. |
scaffold,css-frameworks,flowrift,https://flowrift.com/c/banner,Flowrift is a library made of beautifully designed Tailwind CSS UI blocks. |
scaffold,css-frameworks,twind,https://twind.dev,"The smallest, fastest, most feature complete tailwind-in-js solution in existence |"
scaffold,css-frameworks,Pico.css,https://picocss.com,Elegant styles for all natives HTML elements without .classes and dark mode automatically enabled. |
scaffold,css-frameworks,clay.css,https://github.com/codeAdrian/clay.css,Extensible and configurable micro CSS util class and SASS mixin for adding claymorphism styles to your components. |
scaffold,css-frameworks,BeerCSS,https://www.beercss.com,"Build Material Design interfaces in record time, without stress for devs 🍻. The first CSS framework that implements Mate"
scaffold,css-frameworks,UnoCSS,https://unocss.dev,"UnoCSS is the instant atomic CSS engine, that is designed to be flexible and extensible. The core is un-opinionated, and"
scaffold,css-frameworks,StyleX,https://stylexjs.com,"StyleX is a simple, easy-to-use JavaScript syntax and compiler for styling web apps. |"
scaffold,css-frameworks,Orbit,https://github.com/zumerlab/orbit,Orbit is the first CSS framework for creating simple or complex radial interfaces. |
build,css-methodology,OOCSS,http://oocss.org,"OOCSS concepts help us write components that are flexible, modular and interchangeable. |"
build,css-methodology,Atomic CSS,https://acss.io,"Atomic CSS is the approach to CSS architecture that favors small, single-purpose classes with names based on visual func"
build,css-methodology,BEM,http://getbem.com,Block Element Modifier is a methodology that helps you to create reusable components and code sharing in front-end devel
build,css-methodology,SMACSS,http://smacss.com,SMACSS is a way to examine your design process and as a way to fit those rigid frameworks into a flexible thought proces
build,css-methodology,CUBE,https://cube.fyi,"CUBE CSS is a CSS methodology that's orientated towards simplicity, pragmatism and consistency. |"
motion,css-animation,Gradienty Animations,https://gradienty.codes/animations,Over 600+ Curated Animations ready to copy & paste. |
motion,css-animation,Animate.css,https://animate.style,Just-add-water CSS animations |
motion,css-animation,Bounce.js,http://bouncejs.com,Bounce.js is a tool and JS library that lets you create beautiful CSS3 powered animations |
motion,css-animation,Anime.js,https://animejs.com,"Anime.js (/ˈæn.ə.meɪ/) is a lightweight JavaScript animation library with a simple, yet powerful API. It works with CSS "
motion,css-animation,Magic Animations,https://www.minimamente.com/project/magic,Animations has been one of the most impressive animation libraries available |
motion,css-animation,Zdog,https://zzz.dog,"Round, flat, designer-friendly pseudo-3D engine for canvas & SVG |"
motion,css-animation,CSShake,http://elrumordelaluz.github.io/csshake,CSShake delivers exactly what it says on the box - a CSS library designed specifically for shaking elements within your 
motion,css-animation,Hover.css,http://ianlunn.github.io/Hover,Hover.css is a CSS animation library designed for use with buttons and other UI elements in your website |
motion,css-animation,AniJS,http://anijs.github.io,AniJS is an animation library that allows you to add animations to elements in a simple ‘sentence-like' structure |
motion,css-animation,Animista,http://animista.net,CSS Animations On Demand |
motion,css-animation,Tachyons-animate,https://github.com/anater/tachyons-animate,Tachyons itself is an atomic CSS library with a ton of utility classes for essentially designing anything by adding clas
motion,css-animation,Sequence.js,https://www.sequencejs.com,"Sequence.js is a JavaScript library that provides a responsive CSS framework for creating unique sliders, presentations,"
motion,css-animation,Infinite,https://tilomitra.github.io/infinite,"These animations, like rotations and pulses, that are specifically designed to run and repeat forever |"
motion,css-animation,OBNOXIOUS.CSS,http://tholman.com/obnoxious,"Animations for the strong of heart, and weak of mind |"
motion,css-animation,MOTION UI,https://zurb.com/playground/motion-ui,A Sass library for creating flexible CSS transitions and animations |
motion,css-animation,Keyframes.app,https://keyframes.app,A graphical user interface for generating custom CSS keyframe animations |
motion,css-animation,thoughtbot,https://thoughtbot.com/blog/transitions-and-transforms,CSS Transitions and Transformations for Beginners |
motion,css-animation,SVG Artista,https://svgartista.net,A useful tool to animate stroke and fill properties in SVG images with plain CSS code |
motion,css-animation,AnimXYZ,https://animxyz.com,"AnimXYZ helps you create, customize, and compose animations for your website. Built for Vue, React, SCSS, and CSS |"
motion,css-animation,Whirl,https://github.com/jh3y/whirl,CSS loading animations with minimal effort! |
motion,css-animation,Hamburgers,https://jonsuh.com/hamburgers,Hamburgers is a collection of tasty CSS-animated hamburger icons. Also included is the source as a Sass library. It's mo
motion,css-animation,CSS Loaders & Spinners,https://cssloaders.github.io,"This is a library having a collection of different types of CSS loaders, spinners |"
motion,css-animation,Motion One,https://motion.dev,"A new animation library, built on the Web Animations API for the smallest filesize and the fastest performance. |"
motion,css-animation,pocoloco,https://pocoloco.io,Generate dynamic backgrounds for your website |
motion,css-animation,AniX,https://adajuly.github.io/AniX,Super easy and lightweight css animation library. |
motion,css-animation,AOS,https://michalsnik.github.io/aos,Animate On Scroll Library. |
motion,css-animation,Animatopy,https://sarthology.github.io/Animatopy,Just-add-water CSS animations snippets |
motion,js-animation,GSAP,https://gsap.com,A JavaScript library for building high-performance animations that work in every major browser |
motion,js-animation,Velocity.js,http://velocityjs.org,Velocity is a lightweight animation engine with the same API as jQuery's $.animate() |
motion,js-animation,lax.js,https://github.com/alexfoxy/laxxx,Simple & light weight vanilla javascript plugin to create smooth & beautiful animations when you scroll! |
motion,js-animation,Rellax.js,https://github.com/dixonandmoe/rellax,"A buttery smooth, super lightweight, vanilla javascript parallax library |"
motion,js-animation,three.js,https://github.com/mrdoob/three.js,"An easy to use, lightweight, 3D library with a default WebGL renderer. |"
motion,js-animation,Atropos,https://atroposjs.com,"Atropos is a lightweight, free and open-source JavaScript library to create stunning touch-friendly 3D parallax hover ef"
motion,js-animation,wow.js,https://wowjs.uk,Reveal Animations When You Scroll. |
motion,js-animation,chocolat.js,http://chocolat.insipi.de,Free lightbox plugin. |
motion,js-animation,Tilt.js,http://gijsroge.github.io/tilt.js,A tiny requestAnimationFrame powered 60+fps lightweight parallax hover tilt effect for jQuery. |
motion,js-animation,Roughnotation,https://roughnotation.com,Rough Notation is a small JavaScript library to create and animate annotations on a web page |
motion,js-animation,tsParticles,https://particles.js.org,"A lightweight library for creating particles, an improved version of the abandoned and obsolete particles.js |"
motion,js-animation,Particles.js,https://vincentgarreau.com/particles.js,A lightweight JavaScript library for creating particles |
motion,js-animation,mo.js,https://mojs.github.io,The motion graphics toolbelt for the web |
motion,js-animation,Lightbox2,https://lokeshdhakar.com/projects/lightbox2,A small JS library to overlay images on top of the current page. |
motion,js-animation,Slick,https://kenwheeler.github.io/slick,Fully responsive carousel |
motion,js-animation,barba.js,https://barba.js.org,Create fluid and smooth transitions between your website's pages. |
motion,js-animation,Locomotive Scroll,https://locomotivemtl.github.io/locomotive-scroll,A simple scroll library that provides detection of elements in viewport & smooth scrolling with parallax. |
motion,js-animation,Owl carousel,https://owlcarousel2.github.io/OwlCarousel2,Free responsive jQuery carousel |
motion,js-animation,Swiperjs,https://swiperjs.com,"Free, Open Source, Modern Slider without jQuery. Available for Vanilla JS and all modern frameworks like React, Vue, Ang"
motion,js-animation,Splide,https://splidejs.com,"Free, pure JS library for carousels and sliders |"
motion,js-animation,Simple Parallax,https://simpleparallax.com,The easiest way to get a parallax effect with javascript |
motion,js-animation,KUTE.js,https://thednp.github.io/kute.js,KUTE.js is a JavaScript animation engine for modern browsers. |
motion,js-animation,Granim.js,https://sarcadass.github.io/granim.js/index.html,Create fluid and interactive gradient animations with this small javascript library. |
motion,js-animation,Popmotion,https://popmotion.io,Simple animation libraries for delightful user interfaces. |
motion,js-animation,Vivus,https://maxwellito.github.io/vivus,"Vivus is a lightweight JavaScript class (with no dependencies) that allows you to animate SVGs, giving them the appearen"
motion,js-animation,Typed.js,https://mattboldt.com/demos/typed-js,A JavaScript Typing Animation Library. |
motion,js-animation,Progress Bar.js,https://kimmobrunfeldt.github.io/progressbar.js,Responsive and slick progress bars with animated SVG paths. |
motion,js-animation,Midnight.js,https://aerolab.github.io/midnight.js,Midnight.js lets you switch fixed headers on the fly |
motion,js-animation,Tingle.js,https://tingle.robinparisi.com,Tingle is a simple modal plugin written in pure JavaScript |
motion,js-animation,Theatre.js,https://www.theatrejs.com,"Theatre.js is a JavaScript animation library with a GUI. It animates the DOM, WebGL, and any other JavaScript variable. "
motion,js-animation,nice-waves,https://gvguy.github.io/nice-waves,Beautiful animated waves |
motion,js-animation,Vanta.js,https://www.vantajs.com,Animated website backgrounds in a few lines of code. |
motion,js-animation,Splitting.js,https://splitting.js.org,"Splitting creates elements and adds CSS variables to unlock amazing possibilities for animating text, grids, and more! |"
build,charts,ChartJS,https://www.chartjs.org,Simple yet flexible JavaScript charting for designers & developers |
build,charts,FrappeJS,https://frappe.io/charts,"Includes Green squares grid like in GitHub, and other charts to use. |"
build,charts,G2Plot,https://g2plot.antv.vision/en,G2Plot is an interactive and responsive charting library based on the grammar of graphics. |
build,charts,Google Charts,https://developers.google.com/chart,Get the experience from Google to create similar charts that Google uses. |
build,charts,Data Driven Documents (D3),https://d3js.org,Bind complicated and massive data to interactive graphs. |
build,charts,ApexCharts.Js,https://apexcharts.com,Modern & Interactive Open-source Charts |
build,charts,Chartist,http://gionkunz.github.io/chartist-js/index.html,Simple responsive charts |
build,charts,Vizzu,https://lib.vizzuhq.com/0.3.0,"Vizzu - a free, open-source Javascript library for building animated charts, data stories, and interactive explorers. |"
build,charts,AntV,https://ant-design-charts.antgroup.com/en,"Ant Design Charts, free JS Charts library for dynamic data with excellent documentation |"
build,charts,Nivo,https://nivo.rocks,"Nivo provides supercharged React components to easily build dataviz apps, it's built on top of d3. Also comes with serve"
build,charts,Echarts,https://echarts.apache.org/en/index.html,An Open Source JavaScript Visualization Library with declarative syntax for Rapid Construction of Web-based Visualizatio
build,charts,VChart,https://visactor.io/vchart,"VChart is not only a multi-terminal chart library that can be used out of the box, but also a vivid and flexible data st"
build,charts,VTable,https://visactor.io/vtable,VTable is a high-performance multidimensional analysis component developed based on Canvas. When compared with tradition
build,charts,VStory,https://visactor.io/vstory,"VStory is a feature-rich narrative system that can use VisActor's VChart and VTable, combined with built-in components, "
build,ui-kits,CSSnippets,https://cssnippets.shefali.dev,"Explore a vast collection of HTML, React, CSS and Tailwind CSS code snippets for buttons, box-shadows, cards, checkboxes"
build,ui-kits,Bit,https://bit.dev/components,"Provides a huge library of reuseable UI Components for React, Angular, Vue, React Native. Also can be used for sharing U"
build,ui-kits,UILang,http://uilang.com,"A minimal, UI-focused programming language for web designers |"
build,ui-kits,Medialoot CSS Components,https://medialoot.com/free-themes/css-components,"Calendars, price grids and other UI components |"
build,ui-kits,Froala Design Blocks,https://froala.com/design-blocks,Over 170 responsive design blocks ready to be used in your web or mobile apps |
build,ui-kits,Flowbite,https://flowbite.com,Open-source library of Tailwind CSS components |
build,ui-kits,daisyUI,https://daisyui.com,Tailwind CSS Components |
build,ui-kits,Mui Treasury,https://mui-treasury.com,An open-source project that provides a collection of ready-to-use components based on Material-UI. |
build,ui-kits,Material Design For Bootstrap,https://mdbootstrap.com,Open source toolkit for building material design with Bootstrap |
build,ui-kits,Photonkit,http://photonkit.com,Desktop UI library for Electron |
build,ui-kits,Flat UI,https://designmodo.github.io/Flat-UI,Minimal free user interface kit|
build,ui-kits,Shards,https://designrevision.com/downloads/shards,A free and modern UI toolkit for web makers based on Bootstrap |
build,ui-kits,Themesberg,https://themesberg.com/templates/free,"Free and open-source website themes, templates, and UI kits based on Bootstrap and React |"
build,ui-kits,Creative Tim,https://www.creative-tim.com,All types of UI libraries and kits including JS frameworks like React |
build,ui-kits,Brumm Shadow Maker,https://brumm.af/shadows,An online tool to make css shadows|
build,ui-kits,AdminLTE,https://adminlte.io,Best open source admin dashboard & control panel theme|
build,ui-kits,SpinKit,https://tobiasahlin.com/spinkit,Simple CSS Spinners|
build,ui-kits,Epic Spinners,https://epic-spinners.epicmax.co,CSS spinners collection with Vue.js integration. |
build,ui-kits,Loading.io,https://loading.io,"Online service provider for creating simple animations, spinners, progress bar and more |"
build,ui-kits,Moving Letters,https://tobiasahlin.com/moving-letters,Animated Text with JavaScript and anime.js|
build,ui-kits,CSS Layout,https://csslayout.io,A collection of popular web layouts and patterns in pure CSS |
build,ui-kits,CSS Grid Generator,https://cssgrid-generator.netlify.app,An open-source project that allow users to quickly create dynamic layout based on CSS Grid. |
build,ui-kits,HTML Table Generator,https://www.htmltables.io,"Create semantic, responsive & accessible HTML tables to represent your tabular data. Set CSS properties, generate the co"
build,ui-kits,Codyhouse,https://codyhouse.co,"Kick-start your web projects with CodyHouse's front-end framework and library of accessible HTML, CSS, JavaScript compon"
build,ui-kits,Tailwind Starter Kit,https://github.com/creativetimofficial/tailwind-starter-kit,"Tailwind Starter Kit a beautiful extension for TailwindCSS, Free and Open Source |"
build,ui-kits,Tailwindtoolbox,https://www.tailwindtoolbox.com,"Open source starter templates and components, a plugins directory and useful tools/utilities to kick start your Tailwind"
build,ui-kits,tailwindcomponents,https://tailwindcomponents.com,A free repository for community components using TailwindCSS |
build,ui-kits,sweetalert,https://sweetalert.js.org,SweetAlert makes popup messages easy and pretty. |
build,ui-kits,sweetalert2,https://sweetalert2.github.io,"A beautiful, responsive, customizable, accessible replacement for javascript's popup boxes |"
build,ui-kits,tailblocks,https://mertjf.github.io/tailblocks,Open source ready-to-use Tailwind CSS components. |
build,ui-kits,Fast,https://www.fast.design,"An interface system that can be used with modern Web Frameworks such as React, Vue and Angular. |"
build,ui-kits,LottieFiles,https://lottiefiles.com,"Interactive animations in many formats like json,gif and mp4, libraries and plugins for Web & Mobile . |"
build,ui-kits,Kutty,https://kutty.netlify.app,A set of accessible and reusable prebuilt Tailwind components that are commonly used in web applications. |
build,ui-kits,Tailwind Templates,https://tailwindtemplates.io,A free collection of Tailwindcss Templates - tailwind components for rapid UI development. |
build,ui-kits,Stitches,https://stitches.hyperyolo.com,An HTML template generator using functional css. |
build,ui-kits,Meraki UI Components,https://merakiui.com,Beautiful Tailwindcss components that support RTL languages & fully responsive based on Flexbox & CSS Grid. |
build,ui-kits,Daemonites Material Design For Bootstrap,https://http://daemonite.github.io/material,Daemonite's Material UI is a cross-platform and fully responsive front-end interface based on Google Material Design dev
build,ui-kits,Stitches,https://stitches.dev,"CSS-in-JS with near-zero runtime, SSR, multi-variant support, and a best-in-class developer experience. |"
build,ui-kits,Headless UI,https://headlessui.dev,"Completely unstyled, fully accessible UI components, designed to integrate beautifully with Tailwind CSS. |"
build,ui-kits,Styled components,https://styled-components.com,"Build beautifully UI Components, for your applications & websites. |"
build,ui-kits,Figma Bootstrap 5 UI Kit,https://drive.google.com/file/d/1SZOTxXYfCMujqP2P684Vd5QIrlk5bwe6/view?usp=sharing,UI Kit comprising 300+ organized Bootstrap 5 components built with atomic design system & auto layout. |
build,ui-kits,Notiflix,https://notiflix.github.io,"JavaScript library for client-side non-blocking notifications, popup boxes, loading indicators, and more that makes your"
build,ui-kits,CoreUI,https://coreui.io,Bootstrap Admin Dashboard Template & UI Components Library |
build,ui-kits,AgnosticUI,https://www.agnosticui.com,"Accessible React component primitives that also work with Vue 3, Svelte, and Angular |"
build,ui-kits,SVGR,https://react-svgr.com,"SVGR is an universal tool to transform a raw SVG into a ready-to-use React components. Available online, in CLI, Node.js"
build,ui-kits,uiverse,https://uiverse.io,"Hundreds Open-Source UI elements, made with HTML & CSS. Anyone can contribute. Includes buttons, checkboxes, spinners, c"
build,ui-kits,HyperUI,https://www.hyperui.dev,"Free open source Tailwind CSS components for marketing and ecommerce websites, as well as application UI. |"
build,ui-kits,Flowbite Admin Dashboard,https://github.com/themesberg/flowbite-admin-dashboard,"Free and open-source admin dashboard template built with Tailwind CSS and Flowbite featuring 15 examples pages, charts, "
build,ui-kits,Wicked Blocks,https://wickedblocks.dev,A free collection of Tailwind blocks & components |
build,ui-kits,Mamba UI,https://mambaui.com,"Mamba UI is a free, open-source collection of UI components and templates based on Tailwind CSS. |"
build,ui-kits,Kitwind,https://kitwind.io/products/kometa/components,"Fully responsive UI kits, built with Tailwind CSS. |"
build,ui-kits,DevUI,https://www.devui.io,Free and Open-Source UI Components for Maximum Productivity. |
build,ui-kits,Tail-Kit,https://www.tailwind-kit.com,"Tail-kit gives you access to over 250 free components and free templates, based on Tailwind CSS 3.0. |"
build,ui-kits,Float UI,https://floatui.com,Free and open-source UI components and website templates using Tailwind CSS |
build,ui-kits,Konsta UI,https://konstaui.com,Pixel perfect mobile UI components built with Tailwind CSS |
build,ui-kits,React Native Gifted Chat,https://github.com/FaridSafi/react-native-gifted-chat#readme,"A chat UI component that offers a ready-to-use chat interface with features like message bubbles, input toolbar, and mor"
build,ui-kits,Wind UI,https://wind-ui.com,"Expertly made, responsive, accessible components in React and HTML ready to be used on your website or app. |"
build,ui-kits,Sonner,https://sonner.emilkowal.ski,An opinionated toast component for React. |
build,ui-kits,Pines,https://devdojo.com/pines,"Pines is a library of animations, sliders, tooltips, accordions, modals, and more! It's a set of UI elements that can be"
build,ui-kits,Kuma UI,https://www.kuma-ui.com,"With Kuma UI's headless, zero-runtime UI components, build top-performing websites effortlessly, while enjoying the best"
build,ui-kits,Shadcnui Blocks,https://www.shadcnui-blocks.com,Effortless Shadcn UI Component Previews & Code Snippets. |
build,ui-kits,Shadcn studio,https://shadcnstudio.com,Preview your theme changes across different components and layouts. |
build,ui-kits,Bundui,https://bundui.io,"Discover a curated collection of over 200 handcrafted UI components made with Tailwind CSS, React, and Shadcn UI. |"
build,ui-kits,Shadcn Examples,https://shadcnexamples.com,"Examples and components built with React and Tailwind CSS, compatible with Shadcn UI. |"
build,ui-kits,Shadcn Admin,https://shadcnadmin.com,"A multipurpose admin dashboard template for React, Next.js, and Vue.js. Fully compatible with shadcn/ui."
build,react-ui,Material UI,https://material-ui.com,"React components for faster and easier web development, based on Material Design |"
build,react-ui,Chakra UI,https://chakra-ui.com,Build accessible React apps & websites with speed. [Openchakra](https://openchakra.app/) |
build,react-ui,React Bootstrap,https://react-bootstrap.github.io,Bootstrap rebuilt for React. Include Bootstrap components right in your JavaScript |
build,react-ui,Semi Design,https://semi.design/en-US,"A modern, comprehensive, flexible design system that gives you all modular blocks you need to build sensible web apps & "
build,react-ui,Mantine,https://mantine.dev,"React components and hooks library with native dark theme support focused on usability, accessibility and developer expe"
build,react-ui,HeroUI - Previously NextUI,https://www.heroui.com,"Beautiful, fast and modern React UI library that allows you to create beatiful websites regardless of your design experi"
build,react-ui,Arco Design,https://arco.design/en-US,A comprehensive React UI components library based on the Arco Design system. |
build,react-ui,ui-playbook,https://uiplaybook.dev,The documented collection of UI components |
build,react-ui,ReactStrap,https://reactstrap.github.io,Another Bootstrap UI library for React |
build,react-ui,React Admin,https://marmelab.com/react-admin,A frontend Framework for building admin applications. Supports API's out of the box|
build,react-ui,BlueprintJS,https://blueprintjs.com,React-based UI toolkit for the web |
build,react-ui,React Semantic UI,https://react.semantic-ui.com,UI components based off of the Semantic UI framework |
build,react-ui,Shards React,https://designrevision.com/downloads/shards-react,React UI kit featuring a modern design system with dozens of custom components |
build,react-ui,React Virtualized,https://bvaughn.github.io/react-virtualized,"UI set for data. Includes tables, lists, sorting, etc. |"
build,react-ui,React Toolbox,http://react-toolbox.io/#,Material design UI library for React |
build,react-ui,Elastic UI,https://elastic.github.io/eui/#,Distributes UI React components and static assets for use in building web layouts |
build,react-ui,React Desktop,http://reactdesktop.js.org,Desktop styled components in React. Includes MacOS and Windows based components |
build,react-ui,Theme UI,https://theme-ui.com/home,"Build consistent, themeable React apps based on constraint-based design principles |"
build,react-ui,Onsen React,https://onsen.io/react,Distributes Components for hybrid mobile apps with React and Onsen UI |
build,react-ui,Evergreen,https://evergreen.segment.com,Design system for React |
build,react-ui,Rebass,https://github.com/rebassjs/rebass,React primitive UI components built with styled system |
build,react-ui,Grommet,https://v2.grommet.io,mobile first UI component library |
build,react-ui,Landing Page Template,https://github.com/cruip/open-react-template,Open source landing page template for react |
build,react-ui,Elemental UI,http://elemental-ui.com,A UI Toolkit for React.js Websites and Apps |
build,react-ui,Ant Design,https://ant.design,Open source design React UI library. |
build,react-ui,Bumbag,https://bumbag.style,Bumbag is a friendly React UI Kit suitable for MVPs or large-scale applications. |
build,react-ui,PRIMEREACT,https://www.primefaces.org/primereact,"The ultimate collection of design-agnostic, flexible and accessible React UI Components |"
build,react-ui,Primer Components,https://primer.style/components,Primer Components are React components which implement GitHub's Primer Design System |
build,react-ui,Orbit,https://orbit.kiwi,Design system and React UI components for travel projects. |
build,react-ui,Base Web,https://baseweb.design,Base Web provides a robust suite of components out of the box |
build,react-ui,Backpack UI,http://lonelyplanet.github.io/backpack-ui/?path=/story/styles--design-tokens,Backpack is the Lonely Planet toolset that we use to build front end apps. |
build,react-ui,Reaviz,https://reaviz.io,Data visualization library for React based on D3 |
build,react-ui,React Suite,https://rsuitejs.com/en,"A suite of React components, sensible UI design, and a friendly development experience. |"
build,react-ui,React Spring,https://www.react-spring.io,Spring-physics based animation library for React applications. |
build,react-ui,Recharts,http://recharts.org/en-US,A composable charting library built on React components. |
build,react-ui,Vercel UI,https://github.com/geist-org/react,Modern and minimalist React UI library |
build,react-ui,Framer Motion,https://www.framer.com/motion,A React library to power production-ready animations. |
build,react-ui,React Spectrum,https://react-spectrum.adobe.com/react-spectrum/index.html,"A React implementation of Spectrum, Adobe's design system. |"
build,react-ui,@tsparticles/react,https://github.com/tsparticles/react,A lightweight React component for creating particles |
build,react-ui,particles-bg,https://github.com/lindelof/particles-bg,A React particles animation background component |
build,react-ui,Treact,https://treact.owaiskhan.me,Gallery of free and modern React templates and UI components developed using TailwindCSS as the front-end framework |
build,react-ui,OAH-Admin,https://gatsby-admin.paljs.com/extra-components/progress,a free React admin dashboard template based on Gatsby with oah-ui components and elements package. |
build,react-ui,Carolina Admin Dashboard,https://demo.uifort.com/carolina-react-admin-dashboard-material-ui-free-demo/LandingPage,Free React admin template is powered by Material-UI components framework and features a clean and fresh design following
build,react-ui,Tabler,https://github.com/tabler/tabler-react,Tabler is a free React admin dashboard template ideal for any kind of back-end web application. |
build,react-ui,Sha-el-design,https://github.com/sha-el/sha-el-design,React components for easier customization and smooth development flow. |
build,react-ui,React-WeUI,https://weui.github.io/react-weui/docs/#/react-weui/docs/page/0/articles/0,React-WeUI made from our love of React and WeChat's WeUI Design. |
build,react-ui,Supabase UI,https://ui.supabase.io,An open-source UI component library inspired by Tailwind and AntDesign. |
build,react-ui,Ring UI,https://github.com/JetBrains/ring-ui,A collection of JetBrains Web UI components. |
build,react-ui,React95,https://react95.io,Refreshed Windows 95 style UI components for your React app. |
build,react-ui,Reakit,https://reakit.io,"Reakit is a lower level component library for building accessible high level UI libraries, design systems and applicatio"
build,react-ui,Zent,https://github.com/youzan/zent,A collection of essential UI components written with React. |
build,react-ui,Gestalt,https://github.com/pinterest/gestalt,A set of React UI components that supports Pinterest's design language. |
build,react-ui,xstyled,https://xstyled.dev,"A CSS-in-JS framework built for React with props based utilities like display, fontSize or rotate. |"
build,react-ui,@use-gesture,https://github.com/pmndrs/use-gesture,Bread n butter utility for component-tied mouse/touch gestures in React. |
build,react-ui,React Rainbow,https://react-rainbow.io,React Rainbow is a collection of components that will reliably help you build your application in a snap. |
build,react-ui,React Use Smooth Scroll,https://github.com/saidMounaim/React-Use-Smooth-Scroll,React Provider Component to add a smooth scroll effect |
build,react-ui,Choc UI,https://choc-ui.com,Choc UI is a set of accessible and reusable components that are commonly used in web applications. |
build,react-ui,Elementz,https://elementz.style,A React Component library for buliding modern applications easily & quickly. |
build,react-ui,Base UI,https://github.com/mui/base-ui,"Unstyled UI components for building accessible web apps and design systems. From the creators of Radix, Floating UI, and"
build,react-ui,Radix UI,https://www.radix-ui.com,"Unstyled, accessible components for building high‑quality design systems and web apps in React |"
build,react-ui,Materio MUI React NextJS Admin Template,https://github.com/themeselection/materio-mui-react-nextjs-admin-template-free,Most Powerful & Comprehensive Open-source MUI React NextJS Admin Dashboard Template built for developers. |
build,react-ui,Chakra Templates,https://chakra-templates.dev,A growing collection of hand-crafted & responsive Chakra UI templates ready to drop into your React project. |
build,react-ui,React Resizable Panels,https://github.com/bvaughn/react-resizable-panels,React components for resizable panel groups/layouts. |
build,react-ui,Carbon React,https://carbondesignsystem.com/developing/frameworks/react,Extensive library of React components for Websites and UI's. Based on the Carbon Design System from IBM |
build,react-ui,React Aria,https://react-spectrum.adobe.com/react-aria,A library of React Hooks that provides accessible UI primitives for your design system. |
build,react-ui,shadcn/ui,https://ui.shadcn.com,Beautifully designed components built with Radix UI and Tailwind CSS. |
build,react-ui,Tremor,https://tremor.so,React components to build charts and dashboards with |
build,react-ui,Aceternity UI,https://ui.aceternity.com,Copy paste the most trending components and use them in your websites without having to worry about styling and animatio
build,react-ui,Magic UI,https://magicui.design,"free and open-source animated components built with React, Typescript, Tailwind CSS, and Framer Motion. |"
build,react-ui,Code UI,https://www.codeui.co.in,"Beautifully designied mobile responsive components built with HTML, CSS , JS and React, Typescript, Tailwind CSS, and Fr"
build,react-ui,Edil Ozi,https://www.edil-ozi.pro,Component Library for Developers. Open Source components you can copy and paste to your apps. |
build,react-ui,Shadcn Templates,https://shadcntemplates.com,"Free collection of Shadcn UI templates, components, blocks, boilerplates, and more. |"
build,react-ui,Eldora UI,https://eldoraui.site,"Collection of re-usable components that you can copy and paste into your web apps. It primarily features components, blo"
build,react-ui,StyleSeed,https://github.com/bitjaru/styleseed,"Design engine that makes Claude Code and Cursor produce professional UI. 48 shadcn-style React components, 69 design rul"
build,vue-ui,Vuetify,https://vuetifyjs.com/en,Material design component framework |
build,vue-ui,Bootstrap Vue,https://bootstrap-vue.org,Use Bootstrap components with Vue |
build,vue-ui,Buefy,https://buefy.org,Lightweight UI components based on Bulma |
build,vue-ui,Semantic UI Vue,https://semantic-ui-vue.github.io,Semantic UI Vue is the Vue integration for Semantic UI |
build,vue-ui,Arco Design Vue,https://arco.design/vue/en-US/docs/start,A comprehensive Vue UI components library based on the Arco Design system. |
build,vue-ui,VEUI,https://veui.dev/en-US,"VEUI is an enterprise UI component library, based on Vue.js. |"
build,vue-ui,Grace,https://github.com/Trendyol/grace,Design System For Vue Applications. |
build,vue-ui,Quasar,https://quasar.dev,"High-performance Material Design component suite with builders for SPA, SSR, PWA, Mobile (Cordova & Capacitor), Desktop "
build,vue-ui,Element,https://element.eleme.io/#/en-US,Desktop UI library for Vue |
build,vue-ui,Fish UI,https://myliang.github.io/fish-ui/#/components/index,Vue UI toolkit for the web |
build,vue-ui,Keen UI,https://josephuspaye.github.io/Keen-UI,"VueUI library with a simple API, inspired by Google's Material Design |"
build,vue-ui,Materio Vuetify Vuejs Admin Template,https://github.com/themeselection/materio-vuetify-vuejs-admin-template-free,Open-source & Easy to use Vuetify Vuejs Admin Template with Elegant Design & Unique Layout |
build,vue-ui,Onsen Vue,https://onsen.io/vue,Distributes Components for hybrid mobile apps with Vue and Onsen UI |
build,vue-ui,Vuejsexamples,https://vuejsexamples.com,A nice collection of useful vuejs UI components |
build,vue-ui,Inkline,https://inkline.io,Inkline is a modern UI/UX Framework for Vue.js designed for creating flawless responsive web applications |
build,vue-ui,Vuesax,https://vuesax.com,Unique and reusable UI components |
build,vue-ui,Antdv,https://antdv.com,UI library for Vue based on Ant Design |
build,vue-ui,Shards Vue,https://designrevision.com/downloads/shards-vue,A high-quality & free Vue UI kit featuring a modern design system with dozens of custom components |
build,vue-ui,Prime Vue,https://primevue.org,"Powerful yet simple to use, versatile, performant Vue UI Component Library to help you build stunning user interfaces.|"
build,vue-ui,Chakra UI Vue,https://vue.chakra-ui.com,Chakra UI is a simple modular and accessible component library that gives you the building blocks to build Vue applicati
build,vue-ui,View UI,https://www.iviewui.com,Dozens of useful and beautiful Vue components made for people with all skill levels with extensive documentation.|
build,vue-ui,@tsparticles/vue2,https://github.com/tsparticles/vue2,A lightweight Vue 2.x component for creating particles |
build,vue-ui,@tsparticles/vue3,https://github.com/tsparticles/vue3,A lightweight Vue 3.x component for creating particles |
build,vue-ui,TC Components,https://components.timos.design,A library of high-quality ready to use components that will help you speed up your development workflow. |
build,vue-ui,Vant,https://youzan.github.io/vant,Lightweight Mobile UI Components built on Vue. |
build,vue-ui,Equal UI,https://quatrochan.github.io/Equal,Open-source Vue 3 components system for your next project based on TypeScript |
build,vue-ui,Mint UI,https://mint-ui.github.io/#!/en,Mobile UI elements for Vue.js |
build,vue-ui,Cube UI,https://didi.github.io/cube-ui/#/en-US,A fantastic mobile ui lib implement by Vue.js |
build,vue-ui,Muse UI,https://muse-ui.org/#/en-US,Based on the Vue 2.0 elegant Material Design UI component library |
build,vue-ui,AT-UI,https://at-ui.github.io/at-ui/#/en,AT-UI is a modular front-end UI framework for developing fast and powerful web interfaces based on Vue.js. |
build,vue-ui,Vuikit,https://vuikit.js.org,"A consistent and responsive Vue UI library, based on the front-end framework UIkit. |"
build,vue-ui,Wave UI,https://antoniandre.github.io/wave-ui,A Vue.js UI framework with only the bright side. |
build,vue-ui,VueTailwind,https://www.vue-tailwind.com,Set of Lightview and fully customizable Vue Components optimized for TailwindCSS. |
build,vue-ui,Oruga,https://oruga.io,Oruga is a lightweight library of UI components for Vue.js without CSS framework dependency. |
build,vue-ui,BalmUI,https://material.balmjs.com/#,BalmUI is a modular and customizable Material Design UI library for Vue.js. |
build,vue-ui,Weex UI,https://github.com/apache/incubator-weex-ui,"A rich interaction, lightweight, high performance UI library based on Weex. |"
build,vue-ui,Varlet,https://github.com/haoziqaq/varlet,"Varlet is a Material design mobile component library developed based on Vue3, developed and maintained by partners in th"
build,vue-ui,Naive UI,https://www.naiveui.com/en-US/os-theme,A Vue 3 Component Library. Fairly Complete. Customizable Themes. Uses TypeScript. Not too Slow. |
build,vue-ui,Vuestic,https://vuestic.dev,Free and Open Source UI Library for Vue 3 🤘. |
build,vue-ui,Vue Final Modal,https://vue-final-modal.org,"Vue Final Modal is a tiny, renderless, mobile-friendly, feature-rich modal component for Vue.js. |"
build,vue-ui,Vuetensils,https://vuetensils.stegosource.com,"Vuetensils is a lightweight component library for Vue 2.x that brings some of most common UI features, but only the bare"
build,vue-ui,NuxtLabs UI,https://ui.nuxtlabs.com/getting-started,Fully styled and customizable components for Nuxt. |
build,vue-ui,shadcn-vue,https://www.shadcn-vue.com,Vue port of shadcn-ui. |
build,angular-ui,Material Angular,https://material.angular.io,UI library for Angular based on Material design |
build,angular-ui,NG Bootstrap,https://ng-bootstrap.github.io/#/home,UI library for Angular based on the Bootstrap framework |
build,angular-ui,PrimeNG,https://www.primefaces.org/primeng/#,Powerful UI component library for Angular |
build,angular-ui,Onsen Angular,https://onsen.io/angular2,Hybrid mobile and PWA UI library for Angular and Onsen UI |
build,angular-ui,NG Lightning,https://ng-lightning.github.io/ng-lightning/#,Native Angular components & directives for Lightning Design System |
build,angular-ui,NG Semantic,https://github.com/vladotesanovic/ngSemantic,UI library for Angular based on Semantic UI |
build,angular-ui,Nebular,https://akveo.github.io/nebular,"Customizable UI Kit, Auth & Security for Angular |"
build,angular-ui,Alyle UI,https://alyle.io,Minimal components set for Angular |
build,angular-ui,NGX Bootstrap,https://valor-software.com/ngx-bootstrap/#,Another UI library for Angular based on the Bootstrap framework |
build,angular-ui,NG Zorro,https://ng.ant.design,UI library for Angular based on Ant Design |
build,angular-ui,Pagination for datatables,https://www.npmjs.com/package/ngx-pagination,npm library for pagination |
build,angular-ui,Multi select dropdown,https://www.npmjs.com/package/ng-multiselect-dropdown,For multi select drop-dowm in forms |
build,angular-ui,NG Particles,https://particles.matteobruni.it,A lightweight Angular component for creating particles |
build,angular-ui,Covalent UI,https://teradata.github.io/covalent/v3/#,Angular UI Platform focused on solving common enterprise needs |
build,angular-ui,Clarity,https://clarity.design,CSS based Angular UI framework developed by VMware group |
build,angular-ui,Taiga UI,https://taiga-ui.dev,Taiga UI is fully-treeshakable Angular UI Kit consisting of multiple base libraries and several add-ons. |
build,angular-ui,ngx-admin,https://akveo.github.io/ngx-admin,Admin template based on Angular 10+ and Nebular |
build,angular-ui,spartan,https://www.spartan.ng,Cutting-edge tools powering Angular full-stack development. |
build,svelte-ui,Svelte Material UI,https://sveltematerialui.com,UI library for Svelte based on Material Design |
build,svelte-ui,SvelteStrap,https://bestguy.github.io/sveltestrap,UI library for Svelte based on the Bootstrap framework |
build,svelte-ui,Svelte Flat UI,https://svelteui.js.org,UI library for Svelte based on Flat Design |
build,svelte-ui,Attractions,https://illright.github.io/attractions,A pretty cool UI kit for Svelte |
build,svelte-ui,Svelteit,https://docs.svelteit.dev,A minimalistic UI/UX component library for Svelte and Sapper projects |
build,svelte-ui,Carbon Components Svelte,https://carbon-components-svelte.onrender.com,"A component library that implements the Carbon Design System, an open source design system by IBM.|"
build,svelte-ui,Radix Svelte,https://www.radix-svelte.com,This is a port of Radix UI for Svelte.|
build,svelte-ui,shadcn-svelte,https://www.shadcn-svelte.com,shadcn-svelte is an unofficial community-led Svelte port of shadcn/ui.|
build,svelte-ui,Skeleton,https://www.skeleton.dev,Skeleton is an open source UI toolkit built with Svelte + Tailwind that allows you to create reactive web interfaces usi
